Nombre del atributo,Valor del atributo,Importancia,Correlacion
area,-,0.0482973,0.3449324247015095
total_spend_usd,-,0.035506494,-0.5188929397049302
duration_sec,-,0.020293016,0.4398730102947864
product_count,-,0.0035373473,-0.20868565893589042
total_days_active,-,0.0033837473,-0.3706498120558154
text_density,-,0.0023685659,-0.153697667478746
faces_count,-,0.0023559479,-0.05270916666021584
copy_length_chars,-,0.0022577627,-0.07170690230121596
