Nombre del atributo,Valor del atributo,Importancia,Correlacion
duration_sec,-,0.028921563,0.5167124507861777
total_spend_usd,-,0.0067941,-0.1539091728557006
area,-,0.0046028183,0.3666647891683563
text_density,-,0.002141589,-0.18277744000548646
total_days_active,-,0.0015814274,-0.12565510766009053
copy_length_chars,-,0.0013110554,-0.19052831042599924
faces_count,-,0.0004588267,-0.1253413872145897
product_count,-,0.0004448171,-0.1334949695001707
